Farmer_ID,Crop_Type,Waste_Type,Quantity_tons,Moisture_Content(%),Calorific_Value(MJ/kg),Carbon_Nitrogen_Ratio,Ash_Content(%),Region,Season,Best_Reuse_Option
FARM8243,Jute,Jute Leaves,8.8,24.6,14.26,49.88,10.0,Haryana,Rabi,Animal Feed
FARM4610,Jute,Jute Stick,7.49,23.7,12.42,41.02,7.85,Odisha,Rabi,Biogas
FARM2369,Cotton,Cotton Gin Waste,2.51,10.55,15.57,57.5,5.33,Punjab,Rabi,Briquettes
FARM3423,Cotton,Cotton Stalk,4.46,11.94,14.27,58.15,9.66,Bihar,Rabi,Biochar
FARM8278,Groundnut,Groundnut Stover,1.23,8.12,16.72,19.62,4.67,Madhya Pradesh,Rabi,Biochar
FARM2410,Groundnut,Groundnut Stover,10.06,16.06,19.85,21.36,7.38,Karnataka,Kharif,Biofuel
FARM2449,Rice,Paddy Straw,9.12,29.79,14.1,70.06,21.2,Karnataka,Rabi,Animal Feed
FARM7254,Wheat,Wheat Chaff,2.55,12.15,15.67,68.41,8.78,Rajasthan,Rabi,Biofuel
FARM3523,Maize,Maize Stalk,9.54,22.52,14.52,46.78,4.78,Maharashtra,Rabi,Compost
FARM5009,Maize,Maize Stalk,10.9,17.09,16.27,56.78,4.5,Rajasthan,Zaid,Briquettes
FARM5225,Wheat,Wheat Straw,6.87,12.93,16.91,63.96,6.81,West Bengal,Rabi,Briquettes
FARM3219,Cotton,Cotton Stalk,3.97,17.33,13.07,47.79,7.49,Uttar Pradesh,Zaid,Biofuel
FARM2258,Jute,Jute Stick,6.45,16.7,13.91,49.1,6.29,Maharashtra,Rabi,Briquettes
FARM6939,Banana,Banana Peel,3.4,64.97,3.84,26.45,7.21,West Bengal,Kharif,Biogas
FARM3671,Sugarcane,Sugarcane Trash,11.07,30.32,10.55,61.19,3.94,Assam,Kharif,Biogas
FARM2867,Sugarcane,Bagasse,10.18,35.53,9.57,76.91,4.45,Gujarat,Zaid,Animal Feed
FARM8240,Groundnut,Groundnut Stover,4.48,9.17,15.66,15.26,4.09,Kerala,Kharif,Biochar
FARM6036,Jute,Jute Stick,8.32,12.37,14.44,34.45,11.14,Odisha,Rabi,Biofuel
FARM1696,Rice,Paddy Straw,9.14,19.65,15.05,63.35,10.23,Gujarat,Kharif,Briquettes
FARM1168,Banana,Banana Peel,3.76,62.84,3.3,22.38,6.77,Maharashtra,Zaid,Compost
FARM5544,Sugarcane,Bagasse,1.92,35.14,11.7,55.54,3.41,Kerala,Zaid,Compost
FARM9664,Jute,Jute Leaves,9.21,22.15,13.84,40.1,6.41,Gujarat,Zaid,Animal Feed
FARM8777,Banana,Banana Peel,11.06,72.54,5.69,39.47,5.69,Karnataka,Kharif,Compost
FARM7677,Jute,Jute Stick,6.27,24.45,12.54,37.1,8.28,Haryana,Zaid,Compost
FARM2347,Sugarcane,Sugarcane Trash,8.72,32.76,9.41,72.87,4.82,Punjab,Rabi,Animal Feed
FARM7672,Jute,Jute Leaves,2.87,15.69,13.8,36.24,11.86,Punjab,Rabi,Briquettes
FARM9055,Maize,Maize Stalk,11.98,23.42,17.01,58.17,4.2,Tamil Nadu,Kharif,Compost
FARM3764,Sugarcane,Sugarcane Trash,11.74,46.46,9.26,54.3,3.6,Haryana,Zaid,Animal Feed
FARM5563,Sugarcane,Sugarcane Trash,8.76,35.01,11.53,62.13,2.93,Tamil Nadu,Rabi,Biogas
FARM2770,Maize,Maize Stalk,9.26,20.0,17.75,59.63,5.07,Uttar Pradesh,Rabi,Compost
FARM1438,Sugarcane,Sugarcane Trash,6.08,35.77,11.83,50.89,4.95,Haryana,Rabi,Compost
FARM9064,Rice,Rice Husk,9.07,17.89,13.21,78.7,19.12,Andhra Pradesh,Zaid,Biochar
FARM1517,Cotton,Cotton Stalk,6.65,14.98,15.02,56.27,8.86,Karnataka,Zaid,Biochar
FARM5965,Groundnut,Groundnut Shell,7.98,11.15,16.88,21.89,2.2,Madhya Pradesh,Rabi,Biochar
FARM9837,Rice,Rice Husk,7.99,17.62,13.56,82.92,16.83,Madhya Pradesh,Kharif,Briquettes
FARM5660,Cotton,Cotton Gin Waste,8.18,15.07,14.57,54.84,9.83,Bihar,Kharif,Biochar
FARM6591,Jute,Jute Stick,9.23,12.59,14.51,36.98,10.45,Maharashtra,Zaid,Biofuel
FARM2391,Groundnut,Groundnut Shell,7.85,17.92,17.06,15.85,3.47,Madhya Pradesh,Rabi,Biofuel
FARM7900,Sugarcane,Sugarcane Trash,6.9,34.24,10.62,51.12,4.63,Punjab,Rabi,Biogas
FARM9001,Maize,Maize Cob,1.35,18.82,17.93,41.33,4.34,Odisha,Rabi,Biochar
FARM4305,Sugarcane,Bagasse,11.64,42.57,11.29,60.19,4.46,Uttar Pradesh,Rabi,Biogas
FARM2506,Cotton,Cotton Stalk,7.57,12.14,14.06,48.92,7.44,Assam,Zaid,Biofuel
FARM5945,Sugarcane,Sugarcane Trash,7.89,44.16,10.59,62.81,3.39,Karnataka,Kharif,Compost
FARM3958,Maize,Maize Stalk,9.21,14.7,15.07,37.54,5.09,Rajasthan,Zaid,Biochar
FARM8106,Wheat,Wheat Straw,6.49,10.13,16.89,69.69,7.34,Andhra Pradesh,Rabi,Biochar
FARM2055,Wheat,Wheat Straw,5.04,9.48,14.45,67.41,6.5,Uttar Pradesh,Rabi,Briquettes
FARM1453,Banana,Banana Stem,1.97,66.15,4.28,32.02,7.84,Karnataka,Rabi,Compost
FARM1477,Banana,Banana Stem,3.42,64.0,5.18,32.94,5.26,Haryana,Rabi,Compost
FARM2375,Maize,Maize Stalk,0.85,12.64,17.26,58.91,4.92,Rajasthan,Zaid,Biofuel
FARM3302,Jute,Jute Leaves,4.88,23.71,13.22,37.27,9.94,Assam,Kharif,Compost
FARM2478,Banana,Banana Peel,6.06,62.51,3.6,33.28,9.06,Andhra Pradesh,Zaid,Biogas
FARM4571,Banana,Banana Peel,11.24,58.23,5.92,27.8,10.24,West Bengal,Rabi,Compost
FARM2850,Rice,Paddy Straw,6.49,29.46,13.76,67.63,17.07,Gujarat,Kharif,Biogas
FARM6049,Jute,Jute Leaves,8.64,15.2,12.83,45.69,6.87,Haryana,Zaid,Biogas
FARM7302,Wheat,Wheat Straw,3.19,14.62,16.82,67.63,8.94,Assam,Zaid,Biofuel
FARM5186,Maize,Maize Stalk,11.14,11.83,17.33,55.73,4.33,Kerala,Zaid,Briquettes
FARM7656,Maize,Maize Cob,10.58,14.46,17.3,34.81,4.63,Kerala,Kharif,Briquettes
FARM2644,Wheat,Wheat Chaff,8.67,16.23,16.82,58.84,7.06,Assam,Kharif,Briquettes
FARM1853,Rice,Rice Husk,8.4,18.33,14.41,84.4,18.85,Bihar,Kharif,Briquettes
FARM5089,Rice,Rice Husk,1.51,14.45,13.6,78.85,13.76,West Bengal,Zaid,Biofuel
FARM5616,Rice,Rice Husk,9.96,20.13,15.49,64.01,12.08,West Bengal,Rabi,Biochar
FARM1376,Banana,Banana Peel,0.44,54.55,7.38,38.9,11.19,Madhya Pradesh,Rabi,Compost
FARM7028,Banana,Banana Peel,1.96,56.54,7.26,21.0,9.33,Haryana,Kharif,Biogas
FARM4328,Rice,Paddy Straw,1.6,21.47,15.09,87.85,19.93,Maharashtra,Zaid,Biogas
FARM4102,Banana,Banana Stem,8.78,62.35,3.65,37.13,9.2,Karnataka,Zaid,Biogas
FARM8506,Groundnut,Groundnut Shell,4.56,8.29,19.88,18.53,4.71,Madhya Pradesh,Kharif,Biofuel
FARM5198,Sugarcane,Bagasse,8.56,51.79,11.92,61.93,2.85,Haryana,Kharif,Biogas
FARM1745,Sugarcane,Bagasse,11.28,31.3,11.79,64.13,3.42,Bihar,Kharif,Animal Feed
FARM3938,Wheat,Wheat Chaff,0.69,11.81,16.93,66.85,5.66,Bihar,Zaid,Biochar
FARM5266,Maize,Maize Cob,5.31,23.95,17.39,33.96,3.9,Bihar,Rabi,Animal Feed
FARM5312,Sugarcane,Sugarcane Trash,3.54,42.48,11.92,58.43,3.44,Maharashtra,Kharif,Biogas
FARM8208,Maize,Maize Stalk,7.71,14.73,17.97,52.91,2.91,Madhya Pradesh,Kharif,Biochar
FARM9108,Wheat,Wheat Straw,1.57,10.3,14.11,50.41,8.53,Gujarat,Kharif,Briquettes
FARM2533,Wheat,Wheat Chaff,1.66,13.61,15.37,44.5,8.6,Uttar Pradesh,Zaid,Biofuel
FARM1067,Banana,Banana Stem,7.09,68.75,7.11,31.26,9.64,Gujarat,Kharif,Compost
FARM2998,Rice,Rice Husk,8.24,16.43,13.99,62.83,13.94,Kerala,Kharif,Briquettes
FARM5412,Groundnut,Groundnut Stover,5.86,16.37,15.77,16.22,6.98,Andhra Pradesh,Kharif,Biochar
FARM1797,Wheat,Wheat Chaff,1.73,14.22,15.36,77.9,10.0,Maharashtra,Zaid,Biochar
FARM7535,Maize,Maize Stalk,2.3,21.16,15.74,48.07,2.56,West Bengal,Kharif,Biogas
FARM5891,Sugarcane,Bagasse,2.02,34.07,11.34,58.55,5.01,Assam,Kharif,Animal Feed
FARM9021,Cotton,Cotton Gin Waste,6.25,19.04,15.41,50.77,4.58,Odisha,Rabi,Briquettes
FARM7979,Cotton,Cotton Gin Waste,2.4,15.63,14.69,62.69,8.87,Haryana,Rabi,Biochar
FARM9596,Sugarcane,Bagasse,6.42,54.33,11.03,69.43,4.85,Bihar,Rabi,Biogas
FARM5073,Sugarcane,Sugarcane Trash,10.85,31.98,11.4,59.01,5.94,Haryana,Rabi,Animal Feed
FARM5151,Groundnut,Groundnut Stover,1.31,13.51,19.59,22.7,5.06,Andhra Pradesh,Kharif,Briquettes
FARM1741,Jute,Jute Leaves,10.15,21.99,12.05,44.81,8.78,Andhra Pradesh,Kharif,Compost
FARM6592,Sugarcane,Sugarcane Trash,9.73,37.44,10.76,63.65,4.68,Kerala,Zaid,Animal Feed
FARM7470,Rice,Paddy Straw,0.41,25.45,14.42,86.15,11.28,Gujarat,Kharif,Animal Feed
FARM5961,Sugarcane,Bagasse,8.77,41.93,11.08,76.06,5.86,Gujarat,Zaid,Animal Feed
FARM1439,Jute,Jute Leaves,11.65,13.14,12.41,33.82,10.9,West Bengal,Rabi,Animal Feed
FARM8592,Banana,Banana Stem,1.22,66.24,5.18,32.52,10.53,Rajasthan,Kharif,Compost
FARM8364,Rice,Rice Husk,5.76,14.1,15.61,82.16,15.34,Madhya Pradesh,Kharif,Briquettes
FARM9121,Banana,Banana Peel,11.76,70.74,4.96,26.68,5.72,Karnataka,Zaid,Biogas
FARM1994,Maize,Maize Cob,2.94,17.29,15.96,48.34,6.07,Haryana,Rabi,Briquettes
FARM6681,Wheat,Wheat Chaff,6.04,13.53,14.8,65.93,9.45,Andhra Pradesh,Rabi,Biofuel
FARM6556,Cotton,Cotton Gin Waste,7.13,12.88,13.77,50.32,5.39,Maharashtra,Kharif,Biofuel
FARM8738,Cotton,Cotton Stalk,8.87,17.23,14.56,52.51,9.65,Kerala,Rabi,Biochar
FARM7815,Rice,Paddy Straw,6.01,25.49,14.67,63.87,12.39,Karnataka,Zaid,Animal Feed
FARM9248,Cotton,Cotton Gin Waste,2.07,15.57,17.0,50.76,5.56,Tamil Nadu,Kharif,Biochar
FARM1764,Wheat,Wheat Straw,9.46,9.14,14.68,62.48,7.43,Uttar Pradesh,Rabi,Briquettes
FARM2817,Maize,Maize Cob,9.63,23.11,16.02,33.12,2.3,Assam,Zaid,Biogas
FARM5786,Sugarcane,Bagasse,2.05,31.05,9.32,68.9,5.48,Assam,Zaid,Biogas
FARM7811,Cotton,Cotton Gin Waste,5.38,11.54,14.45,64.57,4.74,Odisha,Kharif,Biofuel
FARM5021,Wheat,Wheat Straw,4.46,11.41,15.52,43.41,6.86,Assam,Rabi,Briquettes
FARM6927,Rice,Rice Husk,9.58,14.48,13.72,87.54,20.78,West Bengal,Kharif,Biochar
FARM3692,Wheat,Wheat Chaff,11.79,15.18,15.55,42.78,6.69,Gujarat,Kharif,Briquettes
FARM9516,Groundnut,Groundnut Shell,11.76,14.6,18.21,28.54,2.35,Madhya Pradesh,Kharif,Biochar
FARM5583,Maize,Maize Stalk,0.29,20.51,17.37,51.65,3.88,Madhya Pradesh,Zaid,Biogas
FARM7627,Rice,Rice Husk,4.27,15.69,14.18,83.65,17.82,Haryana,Zaid,Biochar
FARM9383,Banana,Banana Stem,2.72,63.44,4.95,34.38,11.16,Punjab,Kharif,Biogas
FARM5979,Maize,Maize Stalk,10.02,12.4,13.14,53.9,5.56,West Bengal,Zaid,Biofuel
FARM8352,Groundnut,Groundnut Shell,11.31,16.42,16.3,22.61,2.74,Odisha,Kharif,Biochar
FARM4831,Maize,Maize Cob,8.05,24.74,17.03,59.67,5.39,Haryana,Rabi,Animal Feed
FARM2724,Jute,Jute Leaves,8.9,22.2,14.14,43.45,10.29,Karnataka,Zaid,Animal Feed
FARM3130,Jute,Jute Stick,0.93,17.91,12.44,38.51,8.47,Assam,Rabi,Compost
FARM9172,Cotton,Cotton Stalk,10.49,13.69,15.11,57.65,7.11,Haryana,Kharif,Briquettes
FARM3119,Groundnut,Groundnut Stover,8.59,15.32,17.08,17.44,5.03,Odisha,Rabi,Briquettes
FARM7694,Sugarcane,Bagasse,7.3,30.82,9.47,66.77,5.69,Haryana,Rabi,Compost
FARM8961,Sugarcane,Bagasse,3.78,37.24,10.57,53.53,3.22,Uttar Pradesh,Zaid,Biogas
FARM9008,Wheat,Wheat Straw,9.87,12.22,16.81,52.21,6.42,Gujarat,Zaid,Biofuel
FARM7181,Wheat,Wheat Straw,10.82,8.68,14.13,59.25,6.55,Bihar,Rabi,Briquettes
FARM7711,Cotton,Cotton Stalk,4.04,15.05,14.84,53.5,6.69,West Bengal,Kharif,Biochar
FARM3713,Groundnut,Groundnut Shell,7.82,11.39,15.23,25.06,4.66,Kerala,Rabi,Briquettes
FARM9548,Wheat,Wheat Chaff,9.14,9.24,15.68,47.7,8.09,Bihar,Zaid,Biochar
FARM8278,Banana,Banana Stem,3.09,53.01,7.68,23.59,5.13,Bihar,Kharif,Compost
FARM9649,Sugarcane,Sugarcane Trash,0.48,31.12,11.59,50.7,3.75,Madhya Pradesh,Zaid,Biogas
FARM3526,Jute,Jute Leaves,9.27,13.49,12.3,33.36,6.86,Karnataka,Kharif,Biogas
FARM6243,Maize,Maize Stalk,4.8,10.88,17.81,35.44,6.28,Rajasthan,Kharif,Briquettes
FARM4874,Rice,Rice Husk,9.08,16.64,15.77,86.99,10.62,Kerala,Rabi,Biofuel
FARM1305,Cotton,Cotton Gin Waste,7.68,10.61,14.86,52.21,6.91,Punjab,Rabi,Briquettes
FARM3332,Maize,Maize Cob,6.11,19.77,13.63,47.05,4.68,Tamil Nadu,Zaid,Biochar
FARM5739,Jute,Jute Stick,9.79,18.99,13.27,48.23,8.71,West Bengal,Kharif,Biofuel
FARM9361,Rice,Paddy Straw,2.71,16.92,13.0,80.4,21.99,Maharashtra,Rabi,Biochar
FARM5578,Maize,Maize Cob,8.76,18.01,13.35,32.69,6.19,Gujarat,Zaid,Biofuel
FARM8417,Groundnut,Groundnut Shell,11.76,17.57,16.59,25.23,4.06,Andhra Pradesh,Zaid,Briquettes
FARM1033,Maize,Maize Cob,1.78,15.12,15.3,47.99,2.1,Rajasthan,Rabi,Biochar
FARM2270,Cotton,Cotton Stalk,6.55,16.73,14.65,66.86,8.22,Kerala,Kharif,Briquettes
FARM1138,Wheat,Wheat Chaff,10.1,11.53,16.44,73.1,6.79,Rajasthan,Kharif,Biofuel
FARM2474,Sugarcane,Sugarcane Trash,4.42,41.11,9.66,50.59,3.12,Uttar Pradesh,Kharif,Animal Feed
FARM4212,Maize,Maize Cob,2.67,24.51,13.18,44.79,6.22,Tamil Nadu,Rabi,Animal Feed
FARM3875,Groundnut,Groundnut Shell,8.13,13.69,17.47,23.28,5.96,Assam,Rabi,Biochar
FARM4143,Sugarcane,Bagasse,9.43,33.19,11.8,75.66,5.52,Odisha,Kharif,Animal Feed
FARM6292,Wheat,Wheat Chaff,0.81,16.83,14.01,57.08,8.37,Rajasthan,Zaid,Biochar
FARM5553,Groundnut,Groundnut Stover,2.85,14.8,17.33,20.42,6.55,Karnataka,Kharif,Biochar
FARM7943,Groundnut,Groundnut Stover,2.86,11.92,16.67,28.2,6.85,Uttar Pradesh,Kharif,Biochar
FARM6477,Sugarcane,Bagasse,9.74,38.23,9.19,68.76,2.11,Tamil Nadu,Kharif,Biogas
FARM8184,Maize,Maize Cob,11.33,13.58,14.7,31.63,4.0,Punjab,Rabi,Biofuel
FARM3089,Sugarcane,Sugarcane Trash,0.97,32.14,9.18,51.0,3.25,Andhra Pradesh,Kharif,Animal Feed
FARM7249,Wheat,Wheat Chaff,3.68,14.11,15.3,44.07,5.28,Maharashtra,Rabi,Biofuel
FARM8014,Groundnut,Groundnut Shell,5.68,10.33,18.0,24.9,2.06,Andhra Pradesh,Rabi,Briquettes
FARM2106,Sugarcane,Sugarcane Trash,0.35,49.57,10.36,59.85,2.77,Rajasthan,Zaid,Compost
FARM1722,Banana,Banana Peel,1.82,56.41,5.11,34.49,8.11,Rajasthan,Zaid,Compost
FARM3415,Wheat,Wheat Straw,9.35,12.36,16.88,70.17,6.56,Karnataka,Zaid,Biochar
FARM9308,Cotton,Cotton Gin Waste,0.88,12.91,16.88,55.53,7.95,Andhra Pradesh,Rabi,Biofuel
FARM8657,Wheat,Wheat Chaff,8.08,17.77,15.92,48.05,5.34,Uttar Pradesh,Kharif,Biofuel
FARM1060,Jute,Jute Leaves,6.05,17.44,12.49,39.09,10.74,Andhra Pradesh,Rabi,Compost
FARM4018,Banana,Banana Peel,2.62,55.33,5.4,35.37,10.7,Haryana,Zaid,Biogas
FARM6896,Wheat,Wheat Chaff,7.11,11.58,15.66,45.7,7.2,Maharashtra,Kharif,Biochar
FARM4211,Wheat,Wheat Straw,3.1,10.84,14.66,50.48,5.87,Tamil Nadu,Kharif,Biochar
FARM4444,Wheat,Wheat Straw,4.19,17.11,14.06,67.1,6.89,Assam,Rabi,Biofuel
FARM2071,Maize,Maize Stalk,10.6,22.14,16.3,58.23,7.86,Tamil Nadu,Rabi,Animal Feed
FARM5006,Sugarcane,Bagasse,5.27,49.87,9.58,61.35,3.5,Kerala,Kharif,Animal Feed
FARM9327,Wheat,Wheat Straw,10.5,10.94,14.45,49.89,8.15,Assam,Zaid,Briquettes
FARM9342,Cotton,Cotton Stalk,9.07,17.85,16.16,58.45,5.0,Odisha,Kharif,Briquettes
FARM7569,Jute,Jute Leaves,5.79,14.33,14.14,40.51,8.9,Bihar,Rabi,Briquettes
FARM7129,Wheat,Wheat Straw,6.94,12.52,14.7,48.74,7.13,Tamil Nadu,Kharif,Briquettes
FARM7981,Maize,Maize Cob,7.53,14.43,15.59,36.91,2.25,Gujarat,Kharif,Biochar
FARM2243,Cotton,Cotton Gin Waste,2.96,13.68,14.99,48.19,4.15,Madhya Pradesh,Rabi,Briquettes
FARM6902,Jute,Jute Stick,1.6,18.67,13.93,45.72,11.56,Karnataka,Zaid,Biofuel
FARM3258,Wheat,Wheat Straw,2.45,14.75,14.75,69.81,8.84,Uttar Pradesh,Kharif,Briquettes
FARM1194,Maize,Maize Cob,9.14,14.23,14.73,59.91,7.67,West Bengal,Rabi,Biochar
FARM8679,Cotton,Cotton Stalk,9.47,12.28,15.89,46.3,5.4,Assam,Rabi,Biochar
FARM1493,Cotton,Cotton Gin Waste,5.38,13.13,13.75,63.1,8.19,West Bengal,Kharif,Biofuel
FARM7867,Jute,Jute Stick,4.21,15.97,14.21,40.0,9.95,Andhra Pradesh,Kharif,Briquettes
FARM6410,Groundnut,Groundnut Stover,2.01,13.38,16.63,15.35,6.71,West Bengal,Zaid,Biofuel
FARM5991,Groundnut,Groundnut Stover,7.74,8.64,16.93,22.12,3.97,Tamil Nadu,Rabi,Briquettes
FARM7322,Sugarcane,Bagasse,2.55,43.82,9.1,70.67,3.95,Punjab,Zaid,Compost
FARM7731,Maize,Maize Cob,4.06,19.89,13.35,31.72,5.11,Tamil Nadu,Rabi,Biofuel
FARM4369,Groundnut,Groundnut Shell,1.73,13.36,17.39,16.03,7.73,Punjab,Kharif,Biofuel
FARM8519,Maize,Maize Stalk,6.13,19.97,13.79,47.25,3.86,Assam,Zaid,Biofuel
FARM9043,Maize,Maize Cob,10.94,16.69,17.12,48.15,3.48,Maharashtra,Kharif,Briquettes
FARM5873,Cotton,Cotton Gin Waste,10.14,17.37,14.15,66.43,6.74,Andhra Pradesh,Kharif,Biochar
FARM2565,Groundnut,Groundnut Shell,2.36,9.8,18.09,21.48,4.31,Madhya Pradesh,Kharif,Biochar
FARM4559,Groundnut,Groundnut Shell,8.77,10.74,18.14,19.38,7.5,Tamil Nadu,Kharif,Biochar
FARM3700,Cotton,Cotton Gin Waste,5.04,11.21,14.47,62.66,7.03,West Bengal,Zaid,Briquettes
FARM7542,Maize,Maize Cob,4.26,16.93,13.37,50.83,6.5,Bihar,Kharif,Briquettes
FARM2117,Banana,Banana Stem,5.92,56.27,6.55,22.73,9.69,Maharashtra,Kharif,Biogas
FARM3903,Sugarcane,Bagasse,7.36,33.51,11.46,75.25,2.68,Odisha,Rabi,Compost
FARM3915,Maize,Maize Cob,5.4,15.86,13.39,52.91,6.06,Bihar,Zaid,Biofuel
FARM6051,Banana,Banana Peel,4.81,63.31,5.21,20.96,9.44,Kerala,Zaid,Compost
FARM1262,Cotton,Cotton Stalk,2.56,10.49,14.51,46.05,5.5,Andhra Pradesh,Kharif,Biofuel
FARM3750,Groundnut,Groundnut Shell,9.6,16.21,18.4,15.95,7.75,Maharashtra,Rabi,Biofuel
FARM7472,Rice,Paddy Straw,11.23,13.94,13.31,76.86,12.27,Madhya Pradesh,Zaid,Biofuel
FARM8516,Groundnut,Groundnut Shell,4.79,9.06,16.62,15.22,5.92,Tamil Nadu,Kharif,Biofuel
FARM9185,Banana,Banana Peel,9.26,66.25,4.84,21.35,6.53,Rajasthan,Rabi,Biogas
FARM3872,Sugarcane,Bagasse,1.77,45.0,11.94,70.89,4.71,Karnataka,Kharif,Animal Feed
FARM1217,Jute,Jute Leaves,2.94,12.23,14.74,38.98,9.07,Punjab,Rabi,Biochar
FARM9171,Banana,Banana Peel,1.82,57.72,6.69,35.14,9.34,Andhra Pradesh,Kharif,Compost
FARM6385,Maize,Maize Cob,8.92,13.07,13.19,57.7,5.59,Gujarat,Rabi,Briquettes
FARM4752,Rice,Rice Husk,9.06,26.17,12.16,83.75,14.98,Uttar Pradesh,Zaid,Briquettes
FARM4644,Jute,Jute Leaves,8.42,19.01,14.72,43.3,7.49,Tamil Nadu,Kharif,Biochar
FARM3318,Groundnut,Groundnut Stover,7.69,14.3,15.32,22.37,7.72,Gujarat,Rabi,Biofuel
FARM8652,Banana,Banana Peel,5.23,64.82,7.16,38.64,6.65,Punjab,Kharif,Compost
FARM4299,Maize,Maize Cob,11.62,13.67,13.88,37.47,3.71,Odisha,Kharif,Briquettes
FARM3553,Maize,Maize Stalk,5.31,15.97,13.84,43.24,5.03,Punjab,Rabi,Biochar
FARM3878,Cotton,Cotton Stalk,2.0,14.27,13.33,67.19,5.8,West Bengal,Rabi,Biochar
FARM4206,Maize,Maize Stalk,8.64,16.8,14.88,48.18,2.43,Haryana,Rabi,Biofuel
FARM7113,Rice,Paddy Straw,11.3,27.51,14.92,71.23,14.85,Maharashtra,Kharif,Biogas
FARM3660,Groundnut,Groundnut Stover,4.74,17.88,15.36,28.27,7.95,Karnataka,Zaid,Biofuel
FARM7947,Banana,Banana Stem,7.88,58.71,6.55,32.7,7.58,Karnataka,Zaid,Compost
FARM8462,Banana,Banana Peel,3.28,73.04,4.81,34.13,5.2,Haryana,Kharif,Compost
FARM7297,Rice,Rice Husk,7.8,22.41,14.65,64.84,11.4,Tamil Nadu,Zaid,Biofuel
FARM7271,Groundnut,Groundnut Shell,11.62,16.76,15.83,21.4,6.15,Bihar,Kharif,Biochar
FARM4432,Maize,Maize Stalk,3.37,23.04,13.55,47.18,6.79,West Bengal,Zaid,Compost
FARM5724,Groundnut,Groundnut Stover,5.12,16.16,15.01,16.05,6.18,Maharashtra,Kharif,Biochar
FARM4482,Groundnut,Groundnut Shell,5.52,9.86,15.67,22.3,5.02,Gujarat,Rabi,Biofuel
FARM2789,Rice,Paddy Straw,5.4,15.29,15.04,67.78,20.83,Maharashtra,Zaid,Briquettes
FARM2651,Rice,Paddy Straw,5.93,18.8,13.11,70.26,17.03,Karnataka,Kharif,Briquettes
FARM9520,Wheat,Wheat Straw,4.63,14.65,16.37,41.67,6.06,Karnataka,Kharif,Biofuel
FARM6918,Maize,Maize Stalk,9.84,19.07,14.68,50.46,4.06,Haryana,Rabi,Briquettes
FARM3275,Groundnut,Groundnut Stover,4.94,17.75,19.37,27.09,2.02,Andhra Pradesh,Kharif,Biochar
FARM8785,Wheat,Wheat Straw,8.3,10.79,16.1,72.6,6.84,Assam,Zaid,Biochar
FARM6333,Groundnut,Groundnut Shell,11.64,17.58,19.06,15.25,4.16,Maharashtra,Zaid,Biofuel
FARM2645,Cotton,Cotton Stalk,11.85,14.0,15.45,42.44,6.57,Andhra Pradesh,Rabi,Briquettes
FARM3094,Groundnut,Groundnut Stover,6.15,15.12,19.35,28.14,6.71,Andhra Pradesh,Kharif,Biochar
FARM9858,Cotton,Cotton Stalk,5.89,19.96,16.95,54.0,9.38,Karnataka,Zaid,Biofuel
FARM6349,Banana,Banana Peel,2.09,68.83,6.3,21.79,8.04,Tamil Nadu,Kharif,Compost
FARM9060,Groundnut,Groundnut Stover,11.09,10.58,17.38,28.46,2.74,Tamil Nadu,Zaid,Biofuel
FARM7252,Sugarcane,Sugarcane Trash,10.94,53.29,11.3,68.02,4.58,Assam,Kharif,Biogas
FARM2902,Groundnut,Groundnut Shell,8.99,9.16,15.44,16.34,6.44,Tamil Nadu,Rabi,Biofuel
FARM7359,Jute,Jute Stick,2.44,24.4,13.73,30.03,6.37,Assam,Rabi,Animal Feed
FARM7476,Groundnut,Groundnut Stover,2.82,15.98,19.67,16.89,5.98,West Bengal,Rabi,Biochar
FARM3389,Wheat,Wheat Chaff,7.3,16.16,14.89,48.76,8.4,Uttar Pradesh,Kharif,Biofuel
FARM4534,Wheat,Wheat Chaff,7.65,17.9,14.37,79.87,8.53,Karnataka,Zaid,Briquettes
FARM4687,Cotton,Cotton Gin Waste,11.23,10.59,16.24,44.58,8.3,Odisha,Rabi,Biochar
FARM9977,Wheat,Wheat Straw,11.89,15.27,14.9,72.6,9.56,Assam,Rabi,Biofuel
FARM4196,Groundnut,Groundnut Stover,3.54,12.73,16.74,20.87,2.43,Madhya Pradesh,Zaid,Biochar
FARM3681,Groundnut,Groundnut Shell,3.79,15.52,17.9,27.08,7.1,Gujarat,Rabi,Biochar
FARM6934,Rice,Rice Husk,7.88,17.24,12.58,66.54,18.98,Odisha,Rabi,Biochar
FARM1859,Sugarcane,Bagasse,2.32,46.99,9.5,51.69,3.42,Madhya Pradesh,Rabi,Biogas
FARM5959,Sugarcane,Sugarcane Trash,4.88,54.24,10.88,62.12,2.14,Andhra Pradesh,Rabi,Compost
FARM8292,Rice,Rice Husk,4.71,29.84,14.68,62.69,15.56,West Bengal,Zaid,Biochar
FARM8856,Jute,Jute Stick,7.12,13.07,13.47,43.38,9.06,Punjab,Kharif,Biofuel
FARM6328,Maize,Maize Cob,1.68,12.72,15.42,49.34,4.6,West Bengal,Zaid,Biochar
FARM9830,Sugarcane,Bagasse,0.95,30.49,10.67,66.09,5.25,Madhya Pradesh,Zaid,Biogas
FARM3110,Sugarcane,Bagasse,1.65,34.52,10.8,55.4,4.22,Rajasthan,Kharif,Biogas
FARM9919,Banana,Banana Peel,4.49,56.42,6.77,21.69,5.87,Punjab,Zaid,Biogas
FARM8289,Rice,Rice Husk,7.98,16.47,12.18,88.37,20.86,Rajasthan,Kharif,Briquettes
FARM1732,Rice,Rice Husk,8.32,21.41,15.94,70.56,16.46,Odisha,Rabi,Biofuel
FARM5544,Banana,Banana Peel,7.18,57.49,7.16,39.15,9.22,Tamil Nadu,Kharif,Compost
FARM7968,Rice,Rice Husk,11.35,16.59,13.53,87.11,14.8,Punjab,Zaid,Biofuel
FARM9379,Rice,Paddy Straw,6.85,25.19,15.98,80.9,12.31,Punjab,Zaid,Biogas
FARM3041,Rice,Rice Husk,1.11,17.69,15.15,71.37,21.57,Assam,Kharif,Biofuel
FARM2604,Sugarcane,Sugarcane Trash,3.43,46.0,10.09,60.01,3.09,Punjab,Rabi,Compost
FARM9021,Groundnut,Groundnut Shell,9.89,15.83,15.62,22.9,7.25,Madhya Pradesh,Kharif,Biochar
FARM7382,Sugarcane,Sugarcane Trash,3.95,51.63,10.65,68.22,5.59,Odisha,Zaid,Compost
FARM3090,Rice,Rice Husk,5.83,24.2,15.15,76.55,20.58,West Bengal,Zaid,Briquettes
FARM7064,Maize,Maize Cob,0.82,20.7,16.29,34.28,5.41,Rajasthan,Zaid,Biogas
FARM9529,Banana,Banana Stem,11.44,54.58,7.93,35.97,8.52,Odisha,Rabi,Biogas
FARM4932,Banana,Banana Stem,1.1,73.69,5.03,26.25,5.63,Rajasthan,Kharif,Compost
FARM7946,Sugarcane,Bagasse,11.55,32.11,9.86,77.89,5.23,Andhra Pradesh,Kharif,Compost
FARM1119,Rice,Rice Husk,7.47,24.33,14.71,75.97,11.5,Haryana,Zaid,Biofuel
FARM8350,Groundnut,Groundnut Stover,7.39,14.61,19.6,29.99,7.67,Tamil Nadu,Zaid,Biochar
FARM7115,Rice,Paddy Straw,4.67,18.61,12.53,70.6,10.61,Gujarat,Kharif,Biogas
FARM5337,Sugarcane,Sugarcane Trash,5.9,36.24,10.62,72.99,2.47,Kerala,Zaid,Biogas
FARM8999,Banana,Banana Peel,11.24,64.22,4.09,26.1,11.53,Odisha,Zaid,Compost
FARM6808,Wheat,Wheat Chaff,2.4,12.6,14.9,44.29,6.75,Maharashtra,Zaid,Biochar
FARM5098,Wheat,Wheat Straw,0.28,9.98,15.59,75.94,7.05,Madhya Pradesh,Rabi,Briquettes
FARM8198,Banana,Banana Stem,11.87,57.48,5.14,23.64,10.68,Madhya Pradesh,Rabi,Compost
FARM3190,Rice,Paddy Straw,3.56,19.81,13.44,86.12,12.38,Uttar Pradesh,Zaid,Biofuel
FARM2946,Groundnut,Groundnut Stover,11.8,17.01,15.8,17.98,4.88,Odisha,Rabi,Biochar
FARM7370,Groundnut,Groundnut Stover,6.12,16.0,18.57,19.87,6.59,Bihar,Rabi,Briquettes
FARM6605,Rice,Paddy Straw,8.2,14.27,13.38,60.41,18.21,Punjab,Kharif,Biofuel
FARM4061,Groundnut,Groundnut Shell,8.81,10.89,17.43,26.41,3.49,Madhya Pradesh,Rabi,Biofuel
FARM2688,Banana,Banana Stem,5.79,71.6,7.97,24.95,10.74,West Bengal,Kharif,Compost
FARM3395,Rice,Paddy Straw,11.89,23.32,12.59,63.61,14.82,Assam,Zaid,Biogas
FARM4633,Groundnut,Groundnut Shell,11.77,8.91,15.25,21.11,3.84,Andhra Pradesh,Kharif,Biochar
FARM7849,Jute,Jute Leaves,11.33,18.63,13.93,36.09,7.62,Haryana,Kharif,Briquettes
FARM2650,Banana,Banana Stem,5.77,54.54,3.0,33.21,7.25,Kerala,Kharif,Biogas
FARM3134,Groundnut,Groundnut Shell,9.29,11.64,16.52,16.45,2.08,Karnataka,Rabi,Biochar
FARM7292,Jute,Jute Leaves,2.68,21.66,13.77,42.09,7.43,Odisha,Rabi,Biogas
FARM4160,Sugarcane,Bagasse,9.85,48.56,9.36,67.6,5.65,Gujarat,Zaid,Animal Feed
FARM1717,Cotton,Cotton Stalk,8.71,16.19,14.21,54.23,8.57,Punjab,Zaid,Biochar
FARM6996,Rice,Paddy Straw,11.71,24.81,15.57,82.78,20.15,Madhya Pradesh,Zaid,Animal Feed
FARM5491,Cotton,Cotton Stalk,2.17,10.68,14.68,67.94,7.02,Kerala,Rabi,Biofuel
FARM9412,Rice,Rice Husk,8.28,13.09,15.89,65.71,19.77,Maharashtra,Zaid,Briquettes
FARM4568,Sugarcane,Bagasse,0.24,39.6,11.34,62.03,3.09,Haryana,Zaid,Compost
FARM3803,Wheat,Wheat Chaff,6.72,15.21,14.78,74.1,6.48,Bihar,Zaid,Briquettes
FARM1844,Banana,Banana Peel,3.39,57.3,6.2,38.84,6.94,Bihar,Kharif,Compost
FARM9999,Banana,Banana Peel,11.37,50.03,4.74,32.1,7.58,Bihar,Kharif,Compost
FARM5582,Maize,Maize Cob,2.79,14.42,17.93,48.78,2.06,Madhya Pradesh,Zaid,Briquettes
FARM7258,Rice,Rice Husk,9.0,23.83,15.47,88.17,17.0,Maharashtra,Zaid,Biochar
FARM4796,Maize,Maize Cob,2.04,13.31,14.34,47.45,6.85,Assam,Rabi,Briquettes
FARM3955,Groundnut,Groundnut Stover,6.92,8.94,15.91,17.78,7.17,Gujarat,Rabi,Biofuel
FARM5018,Maize,Maize Cob,1.05,23.28,17.09,50.62,3.13,Karnataka,Kharif,Compost
FARM2802,Cotton,Cotton Gin Waste,4.73,15.27,15.91,64.24,7.62,Punjab,Zaid,Briquettes
FARM2742,Wheat,Wheat Straw,11.5,15.7,14.8,77.54,8.0,Gujarat,Kharif,Biofuel
FARM4994,Jute,Jute Stick,5.85,18.25,13.69,38.89,6.98,Tamil Nadu,Kharif,Briquettes
FARM7804,Wheat,Wheat Chaff,10.66,9.23,16.47,44.11,6.48,Rajasthan,Zaid,Biochar
FARM7303,Rice,Paddy Straw,11.08,12.43,13.71,64.42,17.86,Kerala,Kharif,Biofuel
FARM2389,Sugarcane,Sugarcane Trash,1.6,35.61,11.87,58.45,2.31,Gujarat,Kharif,Biogas
FARM5702,Wheat,Wheat Straw,8.31,13.3,15.8,67.18,5.75,Gujarat,Rabi,Biochar
FARM3435,Jute,Jute Stick,9.51,20.6,14.8,46.21,10.27,Karnataka,Rabi,Compost
FARM5562,Rice,Rice Husk,7.02,20.04,15.19,89.29,19.78,Gujarat,Rabi,Biofuel
FARM6463,Rice,Paddy Straw,11.68,15.27,13.54,69.58,15.09,Uttar Pradesh,Kharif,Biochar
FARM7911,Rice,Paddy Straw,4.74,21.89,14.15,74.78,16.43,Madhya Pradesh,Rabi,Compost
FARM1976,Banana,Banana Peel,11.07,50.07,7.97,20.34,8.91,Tamil Nadu,Rabi,Compost
FARM4679,Jute,Jute Leaves,3.06,15.83,12.43,47.07,11.83,Assam,Kharif,Biogas
FARM2736,Wheat,Wheat Straw,0.84,15.04,15.13,41.05,9.82,Punjab,Zaid,Briquettes
FARM7823,Sugarcane,Sugarcane Trash,0.35,51.76,9.09,60.96,2.32,Assam,Zaid,Compost
FARM1216,Rice,Paddy Straw,4.18,14.52,14.11,88.46,15.64,Haryana,Zaid,Biochar
FARM7940,Maize,Maize Cob,4.88,23.22,13.16,52.53,5.02,Gujarat,Kharif,Compost
FARM3050,Cotton,Cotton Gin Waste,6.35,15.02,15.84,52.71,4.94,Kerala,Zaid,Biofuel
FARM8674,Banana,Banana Stem,9.84,55.47,3.92,34.92,8.92,Andhra Pradesh,Kharif,Compost
FARM2776,Cotton,Cotton Gin Waste,2.5,14.05,14.52,41.64,6.23,Rajasthan,Zaid,Briquettes
FARM1179,Sugarcane,Bagasse,0.97,49.47,10.01,57.19,2.65,Uttar Pradesh,Zaid,Compost
FARM8926,Maize,Maize Cob,0.73,19.58,13.16,38.08,7.86,Bihar,Kharif,Biochar
FARM6152,Wheat,Wheat Straw,6.1,17.44,14.03,54.27,6.41,Uttar Pradesh,Kharif,Briquettes
FARM3460,Groundnut,Groundnut Stover,9.73,14.75,16.66,28.45,5.02,Gujarat,Zaid,Biochar
FARM2528,Wheat,Wheat Chaff,10.65,16.69,14.11,46.45,8.41,Haryana,Zaid,Biofuel
FARM3149,Banana,Banana Peel,5.48,66.36,6.84,23.22,11.75,West Bengal,Zaid,Biogas
FARM2228,Jute,Jute Leaves,3.02,23.13,13.29,47.81,10.65,Uttar Pradesh,Zaid,Biogas
FARM8451,Rice,Rice Husk,6.09,14.57,15.48,76.41,21.63,Punjab,Kharif,Biofuel
FARM8548,Jute,Jute Stick,8.59,14.1,12.84,37.27,6.54,Kerala,Rabi,Compost
FARM5696,Maize,Maize Stalk,4.49,19.75,13.7,33.72,5.41,Karnataka,Rabi,Biofuel
FARM7769,Groundnut,Groundnut Stover,4.61,17.17,15.64,20.5,7.07,Assam,Zaid,Briquettes
FARM1130,Cotton,Cotton Gin Waste,9.89,10.43,16.91,41.71,8.74,Kerala,Zaid,Biochar
FARM6716,Rice,Paddy Straw,8.1,14.85,13.6,62.19,14.66,Karnataka,Rabi,Briquettes
FARM4268,Cotton,Cotton Gin Waste,9.26,19.0,14.86,42.57,8.39,Rajasthan,Zaid,Briquettes
FARM1627,Groundnut,Groundnut Stover,3.48,11.42,18.02,18.19,6.45,Punjab,Rabi,Biofuel
FARM6922,Rice,Rice Husk,11.25,15.84,14.27,89.63,19.29,Gujarat,Zaid,Biofuel
FARM2369,Groundnut,Groundnut Stover,7.7,10.11,15.11,26.38,4.54,Tamil Nadu,Kharif,Briquettes
FARM5250,Rice,Paddy Straw,8.1,13.47,15.5,73.54,15.04,Karnataka,Rabi,Biofuel
FARM9773,Rice,Paddy Straw,5.88,18.16,15.01,64.94,14.19,Punjab,Rabi,Briquettes
FARM3369,Rice,Rice Husk,1.12,22.27,15.29,76.83,20.73,Uttar Pradesh,Zaid,Biofuel
FARM9531,Jute,Jute Leaves,5.0,23.65,14.8,39.99,7.9,Maharashtra,Kharif,Animal Feed
FARM7884,Wheat,Wheat Chaff,11.75,14.34,15.92,63.14,5.18,Assam,Kharif,Biochar
FARM1265,Rice,Rice Husk,9.8,15.78,12.76,80.39,21.46,Tamil Nadu,Rabi,Briquettes
FARM7977,Maize,Maize Stalk,9.97,20.49,16.24,43.68,4.46,Bihar,Kharif,Biogas
FARM8167,Jute,Jute Stick,4.7,17.96,13.12,41.06,6.98,Kerala,Kharif,Briquettes
FARM9924,Maize,Maize Cob,9.07,11.34,13.08,57.97,2.62,Punjab,Kharif,Biochar
FARM2875,Sugarcane,Sugarcane Trash,6.71,50.15,11.0,75.55,2.85,Bihar,Zaid,Biogas
FARM7138,Banana,Banana Stem,0.29,74.19,7.57,28.26,10.74,Punjab,Rabi,Biogas
FARM7792,Banana,Banana Stem,0.25,56.61,7.19,35.9,7.9,Karnataka,Zaid,Compost
FARM8045,Wheat,Wheat Straw,4.15,15.91,16.52,60.76,8.71,Maharashtra,Kharif,Briquettes
FARM7396,Banana,Banana Stem,11.28,66.11,7.14,36.03,9.04,Tamil Nadu,Zaid,Compost
FARM7422,Rice,Rice Husk,1.6,21.31,13.75,62.99,19.61,Kerala,Rabi,Biochar
FARM9907,Maize,Maize Cob,0.53,11.4,13.13,30.35,6.62,Uttar Pradesh,Kharif,Biofuel
FARM4633,Sugarcane,Sugarcane Trash,3.03,48.35,11.95,69.03,5.11,Maharashtra,Zaid,Compost
FARM3355,Maize,Maize Cob,3.44,20.89,17.04,41.34,3.56,Bihar,Kharif,Compost
FARM9097,Wheat,Wheat Straw,1.29,17.27,14.37,45.67,6.31,Punjab,Rabi,Biofuel
FARM7879,Jute,Jute Stick,2.68,18.38,12.07,31.47,11.76,Madhya Pradesh,Kharif,Compost
FARM1515,Groundnut,Groundnut Stover,7.65,16.09,15.9,15.15,3.07,Rajasthan,Rabi,Biochar
FARM4159,Sugarcane,Sugarcane Trash,11.13,54.87,10.8,50.15,4.09,Uttar Pradesh,Rabi,Biogas
FARM4600,Wheat,Wheat Straw,4.06,15.61,14.65,54.6,9.49,Bihar,Zaid,Biofuel
FARM9123,Sugarcane,Bagasse,5.71,42.04,11.86,60.46,4.21,Karnataka,Rabi,Biogas
FARM6105,Groundnut,Groundnut Stover,1.41,10.5,15.99,27.69,6.3,Kerala,Kharif,Briquettes
FARM7275,Rice,Paddy Straw,7.55,19.8,13.78,77.89,13.26,Odisha,Rabi,Briquettes
FARM5146,Groundnut,Groundnut Shell,11.51,11.74,18.16,15.96,3.0,Andhra Pradesh,Rabi,Biofuel
FARM4046,Groundnut,Groundnut Stover,5.27,17.5,17.65,20.97,2.69,Andhra Pradesh,Zaid,Briquettes
FARM6388,Jute,Jute Stick,8.32,20.54,13.12,45.59,6.73,Punjab,Kharif,Biogas
FARM5555,Banana,Banana Stem,1.41,72.47,5.81,27.71,9.21,Andhra Pradesh,Rabi,Compost
FARM5496,Sugarcane,Sugarcane Trash,0.75,37.94,9.96,55.91,5.21,Rajasthan,Rabi,Biogas
FARM1076,Groundnut,Groundnut Shell,0.41,9.71,16.63,20.74,5.46,Punjab,Rabi,Briquettes
FARM2558,Cotton,Cotton Gin Waste,1.02,10.37,15.13,55.83,6.02,Gujarat,Rabi,Biofuel
FARM5889,Groundnut,Groundnut Stover,0.76,15.54,17.0,23.35,3.88,Karnataka,Rabi,Biochar
FARM1170,Cotton,Cotton Gin Waste,2.84,19.67,13.49,51.22,7.71,Assam,Zaid,Biofuel
FARM9807,Rice,Paddy Straw,9.83,25.04,12.91,62.64,18.69,Uttar Pradesh,Zaid,Biogas
FARM7218,Wheat,Wheat Straw,9.54,9.11,16.84,43.0,6.65,Karnataka,Kharif,Biochar
FARM7771,Maize,Maize Cob,10.68,18.75,13.6,39.58,2.89,Kerala,Kharif,Biochar
FARM2504,Cotton,Cotton Stalk,5.9,12.41,14.91,54.7,5.68,Bihar,Zaid,Biochar
FARM2231,Maize,Maize Stalk,8.4,15.3,17.18,37.27,5.88,Odisha,Kharif,Biofuel
FARM9644,Cotton,Cotton Stalk,2.66,16.7,14.87,51.55,6.93,Tamil Nadu,Kharif,Briquettes
FARM8412,Jute,Jute Leaves,4.75,20.52,14.54,32.11,6.78,Odisha,Rabi,Biogas
FARM2755,Banana,Banana Stem,1.94,56.95,3.82,26.14,11.09,Tamil Nadu,Kharif,Compost
FARM2377,Sugarcane,Bagasse,1.6,34.68,9.09,69.86,3.81,Maharashtra,Rabi,Biogas
FARM7267,Jute,Jute Leaves,1.35,17.16,13.29,36.67,8.65,Tamil Nadu,Kharif,Briquettes
FARM1817,Groundnut,Groundnut Shell,1.49,12.03,17.97,22.94,4.96,Karnataka,Kharif,Briquettes
FARM7628,Banana,Banana Peel,3.45,51.33,3.18,25.32,5.46,Tamil Nadu,Kharif,Compost
FARM5718,Groundnut,Groundnut Stover,4.3,15.34,19.4,19.02,3.23,Punjab,Kharif,Biofuel
FARM6162,Maize,Maize Cob,3.02,17.55,16.5,44.3,3.83,Punjab,Kharif,Biochar
FARM5322,Sugarcane,Bagasse,0.45,52.5,9.43,50.38,3.9,Gujarat,Rabi,Biogas
FARM1740,Sugarcane,Bagasse,5.78,44.85,11.91,67.49,3.95,Rajasthan,Kharif,Compost
FARM6499,Wheat,Wheat Chaff,9.69,13.25,14.5,45.86,5.47,Assam,Kharif,Briquettes
FARM5933,Cotton,Cotton Gin Waste,9.97,19.9,14.03,54.59,6.19,Odisha,Rabi,Biofuel
FARM3320,Jute,Jute Leaves,7.98,20.92,14.18,30.41,11.87,Punjab,Rabi,Compost
FARM7189,Jute,Jute Leaves,2.49,19.51,14.09,38.61,7.24,Maharashtra,Kharif,Biofuel
FARM6715,Sugarcane,Sugarcane Trash,2.26,46.97,11.7,63.48,5.83,Kerala,Zaid,Animal Feed
FARM3014,Jute,Jute Leaves,4.25,24.29,12.83,33.81,9.48,Andhra Pradesh,Rabi,Animal Feed
FARM9571,Groundnut,Groundnut Stover,8.23,10.88,19.85,22.48,6.11,Andhra Pradesh,Rabi,Briquettes
FARM3022,Maize,Maize Cob,9.94,14.32,17.0,30.47,2.25,Karnataka,Rabi,Briquettes
FARM9224,Wheat,Wheat Chaff,10.57,12.3,15.98,40.03,6.26,Karnataka,Kharif,Briquettes
FARM8752,Rice,Paddy Straw,2.78,14.57,14.93,72.96,21.02,Odisha,Rabi,Briquettes
FARM6091,Jute,Jute Stick,11.06,20.28,13.27,49.34,6.59,West Bengal,Zaid,Biogas
FARM5932,Rice,Rice Husk,6.74,26.48,12.56,83.03,13.0,Rajasthan,Rabi,Briquettes
FARM9627,Maize,Maize Cob,1.33,23.91,15.31,35.5,6.69,Karnataka,Zaid,Biogas
FARM1432,Cotton,Cotton Gin Waste,5.64,17.13,14.87,52.83,6.52,Bihar,Zaid,Briquettes
FARM5806,Groundnut,Groundnut Shell,7.53,14.15,16.51,18.64,5.07,West Bengal,Kharif,Biofuel
FARM5426,Wheat,Wheat Chaff,1.2,14.7,15.39,70.52,7.59,Gujarat,Rabi,Biofuel
FARM9369,Sugarcane,Sugarcane Trash,8.94,50.55,10.7,70.72,5.46,Andhra Pradesh,Kharif,Compost
FARM5929,Wheat,Wheat Straw,10.26,13.62,16.9,45.46,9.48,Bihar,Kharif,Biochar
FARM5050,Maize,Maize Cob,6.33,19.35,14.0,32.01,2.92,West Bengal,Rabi,Biofuel
FARM4015,Banana,Banana Peel,5.91,70.82,5.22,21.11,5.85,Haryana,Kharif,Biogas
FARM4943,Banana,Banana Stem,2.38,67.03,7.3,32.34,8.03,Assam,Zaid,Compost
FARM7321,Rice,Paddy Straw,3.45,17.22,14.67,88.77,15.92,Haryana,Rabi,Biochar
FARM8282,Sugarcane,Sugarcane Trash,3.77,33.7,9.85,53.6,3.56,Madhya Pradesh,Rabi,Animal Feed
FARM9244,Wheat,Wheat Chaff,10.3,16.82,15.38,40.36,5.79,Gujarat,Rabi,Biochar
FARM3294,Banana,Banana Stem,5.62,63.13,5.57,23.49,6.06,Kerala,Zaid,Biogas
FARM9306,Maize,Maize Stalk,7.98,11.02,17.2,44.51,7.78,Kerala,Rabi,Biochar
FARM3607,Maize,Maize Cob,0.73,18.83,15.9,47.53,6.98,Odisha,Rabi,Biofuel
FARM3850,Banana,Banana Peel,1.44,62.49,6.4,26.47,6.62,Rajasthan,Kharif,Compost
FARM1482,Groundnut,Groundnut Stover,9.21,8.62,16.25,15.56,6.5,Kerala,Kharif,Briquettes
FARM8168,Rice,Rice Husk,3.18,20.09,12.53,79.12,16.68,Punjab,Zaid,Biofuel
FARM2576,Maize,Maize Cob,0.49,12.43,17.07,54.26,3.15,Tamil Nadu,Zaid,Biochar
FARM9653,Banana,Banana Peel,4.22,72.33,4.8,28.16,8.83,West Bengal,Kharif,Compost
FARM2100,Cotton,Cotton Stalk,10.27,15.7,14.89,50.56,7.71,Assam,Kharif,Biochar
FARM4777,Cotton,Cotton Gin Waste,1.59,18.74,15.28,43.82,7.1,Rajasthan,Rabi,Biofuel
FARM3586,Wheat,Wheat Chaff,1.0,16.21,14.87,73.13,6.95,Maharashtra,Kharif,Briquettes
FARM2816,Maize,Maize Cob,0.87,13.62,15.59,48.34,3.87,Bihar,Zaid,Biochar
FARM9963,Cotton,Cotton Gin Waste,1.84,10.32,14.69,46.02,9.33,Rajasthan,Kharif,Biofuel
FARM2159,Jute,Jute Stick,4.28,12.95,14.84,48.09,10.22,Tamil Nadu,Rabi,Biofuel
FARM6738,Groundnut,Groundnut Shell,6.19,12.79,15.65,25.85,2.62,Kerala,Zaid,Briquettes
FARM7215,Groundnut,Groundnut Stover,7.38,8.21,15.28,26.6,6.87,Karnataka,Kharif,Biochar
FARM2933,Wheat,Wheat Chaff,1.56,15.66,16.09,57.19,7.13,Maharashtra,Rabi,Biofuel
FARM9785,Jute,Jute Leaves,5.07,17.67,12.17,34.64,9.53,Tamil Nadu,Rabi,Compost
FARM6728,Wheat,Wheat Straw,0.72,10.5,14.17,42.27,7.19,Assam,Zaid,Briquettes
FARM6848,Banana,Banana Stem,6.04,59.95,6.29,33.13,5.53,Gujarat,Zaid,Compost
FARM9870,Banana,Banana Stem,3.96,73.54,6.9,25.85,9.58,Odisha,Rabi,Biogas
FARM9535,Sugarcane,Bagasse,10.13,47.64,10.87,58.39,2.81,Uttar Pradesh,Rabi,Compost
FARM8434,Banana,Banana Stem,8.44,55.27,4.86,36.33,5.99,Odisha,Zaid,Compost
FARM7290,Sugarcane,Bagasse,3.49,36.76,10.76,59.01,5.86,Haryana,Kharif,Compost
FARM5999,Cotton,Cotton Stalk,6.48,13.85,13.18,46.17,5.11,Assam,Rabi,Briquettes
FARM4547,Wheat,Wheat Chaff,9.76,17.1,16.26,53.45,9.14,Kerala,Kharif,Briquettes
FARM7358,Wheat,Wheat Chaff,9.73,12.34,15.28,69.17,8.68,Odisha,Zaid,Biofuel
FARM4903,Maize,Maize Stalk,9.0,20.79,16.85,37.8,7.76,Madhya Pradesh,Zaid,Biogas
FARM1632,Rice,Paddy Straw,6.94,29.12,12.34,67.5,16.51,Karnataka,Zaid,Biogas
FARM6259,Maize,Maize Stalk,6.91,13.76,16.27,53.15,2.07,Karnataka,Zaid,Briquettes
FARM4569,Maize,Maize Cob,10.16,10.26,13.04,31.11,4.15,Haryana,Rabi,Biochar
FARM5524,Groundnut,Groundnut Shell,3.24,10.76,18.05,19.71,2.38,Andhra Pradesh,Kharif,Biofuel
FARM4018,Maize,Maize Stalk,7.92,19.46,13.73,48.54,2.3,Gujarat,Kharif,Biofuel
FARM6789,Cotton,Cotton Gin Waste,0.39,17.17,13.24,61.44,5.55,Maharashtra,Zaid,Briquettes
FARM7815,Wheat,Wheat Straw,6.93,8.77,15.33,60.44,6.18,Uttar Pradesh,Kharif,Briquettes
FARM7139,Sugarcane,Sugarcane Trash,10.79,33.58,9.98,73.64,3.34,Kerala,Rabi,Biogas
FARM4464,Cotton,Cotton Gin Waste,1.45,11.6,13.18,67.91,9.47,Andhra Pradesh,Kharif,Biofuel
FARM2266,Jute,Jute Leaves,1.13,22.8,12.1,44.53,8.29,Tamil Nadu,Rabi,Animal Feed
FARM4195,Banana,Banana Stem,3.94,53.03,7.39,35.96,9.25,Bihar,Zaid,Biogas
FARM8291,Maize,Maize Cob,8.38,21.99,17.89,36.93,3.89,Uttar Pradesh,Kharif,Compost
FARM7862,Groundnut,Groundnut Stover,5.5,13.6,15.38,20.43,4.9,Punjab,Rabi,Biofuel
FARM6596,Banana,Banana Peel,9.59,56.12,7.55,33.48,9.66,Kerala,Zaid,Biogas
FARM8439,Jute,Jute Stick,10.82,17.47,14.95,41.52,9.8,Punjab,Rabi,Biofuel
FARM8068,Wheat,Wheat Straw,10.46,10.63,15.66,77.21,8.71,Punjab,Rabi,Biofuel
FARM4955,Wheat,Wheat Straw,4.95,13.15,15.59,55.52,7.11,Punjab,Kharif,Biofuel
FARM8354,Maize,Maize Cob,11.06,18.87,16.08,59.82,2.27,Uttar Pradesh,Rabi,Biochar
FARM9345,Groundnut,Groundnut Stover,11.01,10.89,17.39,17.02,3.1,Odisha,Rabi,Biochar
FARM5576,Sugarcane,Bagasse,2.29,44.84,10.11,69.48,3.52,Kerala,Kharif,Biogas
FARM7292,Sugarcane,Bagasse,3.57,38.53,10.69,76.92,4.32,Karnataka,Rabi,Biogas
FARM6150,Jute,Jute Stick,3.48,22.58,14.2,49.78,7.26,Gujarat,Kharif,Animal Feed
FARM5250,Sugarcane,Sugarcane Trash,11.28,32.96,9.82,63.17,5.54,Karnataka,Kharif,Biogas
FARM1651,Sugarcane,Bagasse,7.26,33.53,9.62,75.16,5.02,Rajasthan,Rabi,Compost
FARM8435,Banana,Banana Peel,6.35,59.24,4.41,38.96,7.99,Haryana,Kharif,Biogas
FARM5562,Maize,Maize Cob,10.4,23.79,13.6,56.67,4.96,Odisha,Zaid,Compost
FARM9402,Sugarcane,Sugarcane Trash,3.46,48.61,9.67,52.23,2.63,West Bengal,Kharif,Biogas
FARM1583,Sugarcane,Sugarcane Trash,8.0,40.83,11.8,73.83,3.27,Kerala,Kharif,Animal Feed
FARM4065,Wheat,Wheat Straw,5.92,11.76,16.83,66.93,6.33,Gujarat,Zaid,Biofuel
FARM2102,Cotton,Cotton Gin Waste,0.24,16.35,13.35,55.49,8.34,Gujarat,Kharif,Biofuel
FARM8933,Cotton,Cotton Stalk,7.73,10.39,15.75,58.4,7.79,Odisha,Kharif,Biofuel
FARM8880,Rice,Rice Husk,4.41,27.75,14.67,74.71,17.56,Assam,Kharif,Biochar
FARM7960,Maize,Maize Cob,4.04,24.44,17.48,52.92,4.52,Tamil Nadu,Kharif,Biogas
FARM9014,Sugarcane,Bagasse,10.11,46.52,10.04,61.94,2.51,Haryana,Rabi,Biogas
FARM5286,Groundnut,Groundnut Shell,9.31,10.68,16.08,27.76,4.45,Maharashtra,Rabi,Biochar
FARM1747,Jute,Jute Leaves,4.21,17.53,12.78,31.09,8.91,Madhya Pradesh,Rabi,Compost
FARM3117,Maize,Maize Stalk,7.41,18.59,13.83,36.19,5.75,Madhya Pradesh,Kharif,Biochar
FARM1806,Wheat,Wheat Straw,0.95,8.9,16.11,76.49,8.83,West Bengal,Rabi,Biochar
FARM7125,Banana,Banana Stem,9.66,74.63,7.19,27.91,10.02,Bihar,Kharif,Biogas
FARM7519,Jute,Jute Leaves,1.41,21.53,14.82,30.72,6.12,Tamil Nadu,Zaid,Animal Feed
FARM7190,Cotton,Cotton Stalk,9.05,13.01,13.92,63.17,5.48,Gujarat,Rabi,Briquettes
FARM7805,Groundnut,Groundnut Shell,9.2,16.77,19.31,16.15,5.03,Assam,Zaid,Biochar
FARM6114,Wheat,Wheat Straw,10.01,14.05,14.46,69.43,8.96,Odisha,Zaid,Biofuel
FARM7169,Jute,Jute Leaves,7.0,12.3,12.82,34.05,7.59,Bihar,Zaid,Animal Feed
FARM7265,Maize,Maize Stalk,6.18,24.5,15.8,44.5,7.45,Punjab,Kharif,Animal Feed
FARM7510,Wheat,Wheat Chaff,11.71,17.51,16.29,68.58,7.26,Odisha,Rabi,Biochar
FARM3773,Banana,Banana Stem,1.33,64.08,6.21,26.65,10.67,Uttar Pradesh,Rabi,Compost
FARM9084,Banana,Banana Stem,0.9,52.1,5.02,36.76,8.66,Andhra Pradesh,Kharif,Compost
FARM5393,Maize,Maize Stalk,10.48,15.07,13.75,39.64,5.39,Karnataka,Zaid,Briquettes
FARM7974,Banana,Banana Stem,11.07,57.83,6.26,26.44,9.96,Bihar,Rabi,Compost
FARM7949,Sugarcane,Sugarcane Trash,0.66,34.05,11.24,54.99,3.75,Gujarat,Kharif,Compost
FARM5820,Cotton,Cotton Stalk,1.59,14.87,16.0,56.41,6.4,Rajasthan,Zaid,Briquettes
FARM7082,Maize,Maize Stalk,11.43,18.46,13.83,38.71,6.11,Andhra Pradesh,Rabi,Biochar
FARM8763,Maize,Maize Stalk,2.14,24.04,17.64,51.6,7.11,Haryana,Kharif,Compost
FARM2537,Wheat,Wheat Chaff,2.55,9.5,14.2,79.08,6.56,Madhya Pradesh,Kharif,Biofuel
FARM1231,Cotton,Cotton Gin Waste,4.27,16.25,15.38,42.0,7.82,Punjab,Kharif,Biofuel
FARM4319,Banana,Banana Stem,6.82,64.61,4.53,32.49,7.82,Karnataka,Rabi,Biogas
FARM7274,Sugarcane,Bagasse,7.13,35.41,9.53,66.91,2.51,Punjab,Zaid,Animal Feed
FARM2496,Jute,Jute Leaves,11.87,23.33,14.01,39.47,7.01,West Bengal,Zaid,Compost
FARM7969,Rice,Paddy Straw,9.73,27.74,13.29,86.88,10.63,Gujarat,Rabi,Animal Feed
FARM6107,Cotton,Cotton Gin Waste,5.8,17.6,13.96,51.8,8.64,Karnataka,Zaid,Biochar
FARM8163,Jute,Jute Stick,1.89,22.95,14.87,48.91,11.0,Kerala,Zaid,Animal Feed
FARM8636,Cotton,Cotton Gin Waste,10.42,16.85,15.23,53.06,6.09,Odisha,Rabi,Biofuel
FARM1174,Jute,Jute Leaves,11.21,19.28,14.99,48.79,8.29,Tamil Nadu,Zaid,Biofuel
FARM1212,Banana,Banana Stem,6.13,54.87,5.93,26.57,11.38,Uttar Pradesh,Zaid,Biogas
FARM1498,Maize,Maize Cob,7.58,19.63,14.99,59.87,6.23,Rajasthan,Rabi,Briquettes
FARM3509,Cotton,Cotton Gin Waste,4.56,14.73,16.5,62.52,8.84,Haryana,Kharif,Biofuel
FARM9914,Rice,Paddy Straw,1.35,27.01,12.48,73.3,18.53,Punjab,Rabi,Biogas
FARM7000,Maize,Maize Cob,2.2,21.06,14.66,50.16,7.4,Rajasthan,Zaid,Animal Feed
FARM3827,Wheat,Wheat Chaff,3.35,14.7,14.19,73.0,7.51,Madhya Pradesh,Zaid,Biochar
FARM6745,Cotton,Cotton Stalk,3.87,11.99,15.02,45.19,8.48,Karnataka,Zaid,Biofuel
FARM2415,Sugarcane,Sugarcane Trash,2.35,50.9,9.26,77.91,2.35,Haryana,Zaid,Compost
FARM5042,Rice,Rice Husk,5.63,29.38,15.07,83.66,12.61,Andhra Pradesh,Zaid,Briquettes
FARM7782,Maize,Maize Cob,6.87,11.99,13.27,51.18,3.07,Odisha,Zaid,Biofuel
FARM6957,Banana,Banana Peel,4.39,54.43,4.47,33.95,6.85,Karnataka,Kharif,Biogas
FARM4451,Jute,Jute Leaves,6.55,20.93,12.51,48.99,9.51,Assam,Zaid,Compost
FARM2486,Groundnut,Groundnut Stover,9.57,15.96,16.04,25.49,5.02,Rajasthan,Zaid,Biochar
FARM6291,Banana,Banana Stem,1.85,56.52,7.61,30.34,9.42,Tamil Nadu,Rabi,Biogas
FARM8790,Jute,Jute Leaves,2.07,23.72,12.97,32.09,8.15,Rajasthan,Zaid,Compost
FARM8478,Jute,Jute Leaves,5.38,14.43,13.07,33.25,9.28,Rajasthan,Kharif,Biofuel
FARM4838,Groundnut,Groundnut Stover,0.67,10.53,16.87,20.07,6.07,Haryana,Kharif,Briquettes
FARM9586,Sugarcane,Sugarcane Trash,10.66,53.85,10.2,50.86,4.05,Madhya Pradesh,Rabi,Biogas
FARM8515,Banana,Banana Peel,9.66,58.33,7.8,39.41,7.16,Gujarat,Zaid,Compost
FARM4331,Groundnut,Groundnut Shell,2.99,14.59,16.0,17.58,3.85,Haryana,Kharif,Biofuel
FARM8713,Groundnut,Groundnut Shell,4.27,9.54,17.78,26.63,2.03,Odisha,Kharif,Biofuel
